"OldName","NewName","Folder","Description","Candidate","Line"
"Affaires non terminées ou annulées","Affaires non terminées ou annulées","Activité et qualité de service","Suit un volume d'activité ou un indicateur de qualité de service.","False","2694"
"#AffairesTerminéesDansLesTemps","Affaires terminées dans les temps","Activité et qualité de service","Suit un volume d'activité ou un indicateur de qualité de service.","False","2675"
"#AffairesTerminéesEnRetard","Affaires terminées en retard","Activité et qualité de service","Suit un volume d'activité ou un indicateur de qualité de service.","False","2678"
"# Affaires","Nombre d'affaires","Activité et qualité de service","Suit un volume d'activité ou un indicateur de qualité de service.","False","2671"
"# AffairesTraitées","Nombre d'affaires traitées","Activité et qualité de service","Suit un volume d'activité ou un indicateur de qualité de service.","False","2681"
"Satisfaction annuelle","Satisfaction annuelle","Activité et qualité de service","Suit un volume d'activité ou un indicateur de qualité de service.","False","1733"
"%AffairesTerminéesDansLesTemps","Taux d'affaires terminées dans les temps","Activité et qualité de service","Suit un volume d'activité ou un indicateur de qualité de service.","False","2685"
"Nombre d'assurés","Nombre d'assurés","Assurances","Suit la couverture assurantielle des locataires ou des logements.","False","2775"
"Tx d'assurés","Taux d'assurés","Assurances","Suit la couverture assurantielle des locataires ou des logements.","False","2763"
"Tx d'assurés n-1","Taux d'assurés année précédente","Assurances","Suit la couverture assurantielle des locataires ou des logements. La comparaison se fait avec la même période de l'année précédente.","False","3899"
"€ Dette","Dette","Dette et impayés","Indique une proportion liée aux impayés ou à l'évolution de la dette.","False","3420"
"Impayé des Partis","Dette des locataires partis","Dette et impayés","Suit les montants restant dus, les impayés ou leur évolution.","False","3540"
"Dette Partis M-1","Dette des locataires partis du mois précédent","Dette et impayés","Indique une proportion liée aux impayés ou à l'évolution de la dette. La comparaison se fait avec le mois précédent.","False","2053"
"Impayé des présents","Dette des locataires présents","Dette et impayés","Suit les montants restant dus, les impayés ou leur évolution.","False","3535"
"Dette Présents M-1","Dette des locataires présents du mois précédent","Dette et impayés","Indique une proportion liée aux impayés ou à l'évolution de la dette. La comparaison se fait avec le mois précédent.","False","2015"
"€ Dette HPP","Dette hors passages en perte","Dette et impayés","Suit les montants restant dus, les impayés ou leur évolution. Le résultat est cumulé depuis le début de l'année.","False","3455"
"Dette HPP M-1","Dette hors passages en perte du mois précédent","Dette et impayés","Suit les montants restant dus, les impayés ou leur évolution. La comparaison se fait avec le mois précédent.","False","3777"
"Soldem_ca_operation_+ yc PP","Dette positive avec passages en perte","Dette et impayés","Indique une proportion liée aux impayés ou à l'évolution de la dette.","False","1169"
"Soldem_ca_operation_+_Partis","Dette positive des locataires partis","Dette et impayés","Indique une proportion liée aux impayés ou à l'évolution de la dette.","False","2045"
"Soldem_ca_operation_+_Present","Dette positive des locataires présents","Dette et impayés","Indique une proportion liée aux impayés ou à l'évolution de la dette.","False","639"
"Soldem1_ca_operation_+","Dette positive du mois précédent","Dette et impayés","Indique une proportion liée aux impayés ou à l'évolution de la dette. La comparaison se fait avec le mois précédent.","False","183"
"Soldem_ca_operation_+ hpp","Dette positive hors passages en perte","Dette et impayés","Indique une proportion liée aux impayés ou à l'évolution de la dette.","False","212"
"Dette présents","Dette présents","Dette et impayés","Indique une proportion liée aux impayés ou à l'évolution de la dette.","False","1961"
"MoisDecembrePrecedent","Mois de décembre précédent","Dette et impayés","Indique une proportion liée aux impayés ou à l'évolution de la dette.","False","2111"
"€ Dette YTD","Montant Dette cumul annuel","Dette et impayés","Suit les montants restant dus, les impayés ou leur évolution. La comparaison se fait avec la même période de l'année précédente.","False","3425"
"€ Dette M1","Montant Dette mois précédent","Dette et impayés","Suit les montants restant dus, les impayés ou leur évolution. La comparaison se fait avec le mois précédent.","False","3489"
"MontantTotal3*Dette_SUMX","Montant total des dettes élevées","Dette et impayés","Indique une proportion liée aux impayés ou à l'évolution de la dette.","False","925"
"NombreCodeCADistinctsAvec3*Dette","Nombre de contrats avec dette élevée","Dette et impayés","Indique une proportion liée aux impayés ou à l'évolution de la dette.","False","909"
"Nb Foyers en impayé","Nombre de Foyers en impayé","Dette et impayés","Indique une proportion liée aux impayés ou à l'évolution de la dette.","False","1680"
"Nb ménage en impayé","Nombre de ménages en impayé","Dette et impayés","Indique une proportion liée aux impayés ou à l'évolution de la dette.","False","889"
"Nombre endetté","Nombre endetté","Dette et impayés","Indique une proportion liée aux impayés ou à l'évolution de la dette.","False","2797"
"€ PP","Passages en perte","Dette et impayés","Suit les montants restant dus, les impayés ou leur évolution.","False","3431"
"€ PP YTD","Passages en perte cumulés annuels","Dette et impayés","Suit les montants restant dus, les impayés ou leur évolution. La comparaison se fait avec la même période de l'année précédente.","False","3437"
"CumulPassagesEnPerteAnnuel","Passages en perte cumulés annuels historique","Dette et impayés","Suit les montants restant dus, les impayés ou leur évolution.","False","224"
"% Croissance annuelle","Taux de croissance annuel","Dette et impayés","Indique une proportion liée aux impayés ou à l'évolution de la dette. Le résultat est cumulé depuis le début de l'année.","False","2132"
"% Croissance annuelle Dette","Taux de croissance annuelle de la dette","Dette et impayés","Indique une proportion liée aux impayés ou à l'évolution de la dette. Le résultat est cumulé depuis le début de l'année.","False","3738"
"% croissance_soldem_ca_operation_+_uniquement positif","Taux de croissance de la dette positive","Dette et impayés","Indique une proportion liée aux impayés ou à l'évolution de la dette.","False","2612"
"% Croissance dette M","Taux de croissance mensuelle de la dette","Dette et impayés","Indique une proportion liée aux impayés ou à l'évolution de la dette.","False","3733"
"% croissance_soldem_ca_operation_+","Taux de variation de la dette positive","Dette et impayés","Indique une proportion liée aux impayés ou à l'évolution de la dette.","False","220"
"€ Croissance annuelle Dette","Variation annuelle de la dette","Dette et impayés","Suit les montants restant dus, les impayés ou leur évolution. Le résultat est cumulé depuis le début de l'année.","False","3469"
"CroissanceSoldem_CA_Operation_YTD","Variation de dette cumulée annuelle","Dette et impayés","Indique une proportion liée aux impayés ou à l'évolution de la dette. Le résultat est cumulé depuis le début de l'année.","False","317"
"€ Croissance Dette","Variation mensuelle de la dette","Dette et impayés","Suit les montants restant dus, les impayés ou leur évolution. La comparaison se fait avec le mois précédent.","False","3493"
"€ Croissance soldem_ca_operation","Variation mensuelle de la dette historique","Dette et impayés","Indique une proportion liée aux impayés ou à l'évolution de la dette.","False","284"
"CumulQuittancementsAnnuel","Cumul Quittancements Annuel","Encaissement et quittancement","Additionne les montants facturés, encaissés ou liés aux allocations.","False","1337"
"Encaissement + alloc","Encaissement avec allocations","Encaissement et quittancement","Suit la part des sommes encaissées par rapport aux sommes attendues.","False","885"
"Encaissement + AL","Encaissement avec allocations logement","Encaissement et quittancement","Suit la part des sommes encaissées par rapport aux sommes attendues.","False","1974"
"Encaissements + AL cumulés","Encaissements avec allocations logement cumulés","Encaissement et quittancement","Suit la part des sommes encaissées par rapport aux sommes attendues.","False","1846"
"€ Quittancement M-1","Montant Quittancement mois précédent","Encaissement et quittancement","Additionne les montants facturés, encaissés ou liés aux allocations. La comparaison se fait avec le mois précédent.","False","3879"
"NbCA_AL","Nombre de contrats avec allocation logement","Encaissement et quittancement","Additionne les montants facturés, encaissés ou liés aux allocations.","False","838"
"Nombre de ménages AL","Nombre de ménages AL","Encaissement et quittancement","Additionne les montants facturés, encaissés ou liés aux allocations.","False","1258"
"Quittancé YTD m1","Quittancé cumul annuel mois précédent","Encaissement et quittancement","Additionne les montants facturés, encaissés ou liés aux allocations. La comparaison se fait avec le mois précédent.","False","2478"
"€ Quittancement","Quittancement","Encaissement et quittancement","Additionne les montants facturés, encaissés ou liés aux allocations.","False","3460"
"€ Quittancement YTD","Quittancement cumulé annuel","Encaissement et quittancement","Additionne les montants facturés, encaissés ou liés aux allocations. La comparaison se fait avec la même période de l'année précédente.","False","3464"
"CumulQuitm_CA_Operation_YTD","Quittancement cumulé annuel historique","Encaissement et quittancement","Additionne les montants facturés, encaissés ou liés aux allocations. Le résultat est cumulé depuis le début de l'année.","False","359"
"Quittancement hors AL (M-1)","Quittancement hors AL (mois précédent)","Encaissement et quittancement","Additionne les montants facturés, encaissés ou liés aux allocations. La comparaison se fait avec le mois précédent.","False","2158"
"€ Quittancement YTD Logement","Quittancement logements cumulé annuel","Encaissement et quittancement","Additionne les montants facturés, encaissés ou liés aux allocations. La comparaison se fait avec la même période de l'année précédente.","False","3601"
"€ Quittancement logements et commerces YTD","Quittancement logements et commerces cumulé annuel","Encaissement et quittancement","Additionne les montants facturés, encaissés ou liés aux allocations. La comparaison se fait avec la même période de l'année précédente.","False","3817"
"€ Quittancement logements et commerces M","Quittancement logements et commerces mensuel","Encaissement et quittancement","Additionne les montants facturés, encaissés ou liés aux allocations.","False","3812"
"Quittancement Logements M","Quittancement logements mensuel","Encaissement et quittancement","Additionne les montants facturés, encaissés ou liés aux allocations.","False","3611"
"€ Quitm_ca_operation","Quittancement mensuel","Encaissement et quittancement","Additionne les montants facturés, encaissés ou liés aux allocations.","False","309"
"Quittancement_m1_Crediteurs","Quittancement mois précédent Crediteurs","Encaissement et quittancement","Additionne les montants facturés, encaissés ou liés aux allocations. La comparaison se fait avec le mois précédent.","False","2405"
"Quittancement_m1_Débiteurs","Quittancement mois précédent Débiteurs","Encaissement et quittancement","Additionne les montants facturés, encaissés ou liés aux allocations. La comparaison se fait avec le mois précédent.","False","2376"
"Quittancement_m1_Soldés","Quittancement mois précédent Soldés","Encaissement et quittancement","Additionne les montants facturés, encaissés ou liés aux allocations. La comparaison se fait avec le mois précédent.","False","2432"
"Quittancement_m1_Total","Quittancement mois précédent Total","Encaissement et quittancement","Additionne les montants facturés, encaissés ou liés aux allocations. La comparaison se fait avec le mois précédent.","False","2459"
"Quittancement_m1_Total_Cumule_Annuel","Quittancement mois précédent Total Cumule Annuel","Encaissement et quittancement","Additionne les montants facturés, encaissés ou liés aux allocations. La comparaison se fait avec le mois précédent.","False","2538"
"Règlements","Règlements","Encaissement et quittancement","Additionne les montants facturés, encaissés ou liés aux allocations.","False","1491"
"Règlements HPP","Règlements hors passages en perte","Encaissement et quittancement","Additionne les montants facturés, encaissés ou liés aux allocations.","False","2147"
"Règlements HPP M-12","Règlements hors passages en perte douze mois avant","Encaissement et quittancement","Additionne les montants facturés, encaissés ou liés aux allocations. La comparaison se fait avec le mois précédent.","False","2188"
"Règlements HPP M-1","Règlements hors passages en perte mois précédent","Encaissement et quittancement","Additionne les montants facturés, encaissés ou liés aux allocations. La comparaison se fait avec le mois précédent.","False","2176"
"Règlements locataires","Règlements locataires","Encaissement et quittancement","Additionne les montants facturés, encaissés ou liés aux allocations.","False","2136"
"Tx Croissance M-12 (%)","Taux de croissance douze mois avant","Encaissement et quittancement","Suit la part des sommes encaissées par rapport aux sommes attendues. La comparaison se fait avec le mois précédent.","False","2218"
"Tx Croissance M-1 (%)","Taux de croissance du mois précédent","Encaissement et quittancement","Suit la part des sommes encaissées par rapport aux sommes attendues. La comparaison se fait avec le mois précédent.","False","2204"
"Taux Règlements HPP CB M","Taux de règlements CB mensuel hors passages en perte","Encaissement et quittancement","Suit la part des sommes encaissées par rapport aux sommes attendues.","False","2359"
"Taux Règlements HPP Espèces M","Taux de règlements en espèces mensuel hors passages en perte","Encaissement et quittancement","Suit la part des sommes encaissées par rapport aux sommes attendues.","False","2274"
"Taux Règlements HPP IBAN M","Taux de règlements IBAN mensuel hors passages en perte","Encaissement et quittancement","Suit la part des sommes encaissées par rapport aux sommes attendues.","False","2291"
"Taux Règlements HPP Chèque M","Taux de règlements par chèque mensuel hors passages en perte","Encaissement et quittancement","Suit la part des sommes encaissées par rapport aux sommes attendues.","False","2342"
"Taux Règlements HPP Prélèvements M","Taux de règlements par prélèvement mensuel hors passages en perte","Encaissement et quittancement","Suit la part des sommes encaissées par rapport aux sommes attendues.","False","2308"
"Taux Règlements HPP Virements M","Taux de règlements par virement mensuel hors passages en perte","Encaissement et quittancement","Suit la part des sommes encaissées par rapport aux sommes attendues.","False","2325"
"Taux d'encaissement YTD DTP Corrigé","Taux d'encaissement cumul annuel DTP Corrigé","Encaissement et quittancement","Suit la part des sommes encaissées par rapport aux sommes attendues. Le résultat est cumulé depuis le début de l'année.","False","2596"
"Taux Encaissement YTD","Taux d'encaissement cumulé annuel","Encaissement et quittancement","Suit la part des sommes encaissées par rapport aux sommes attendues. Le résultat est cumulé depuis le début de l'année.","False","3479"
"% Taux Encaissement YTD LY","Taux d'encaissement cumulé annuel année précédente","Encaissement et quittancement","Suit la part des sommes encaissées par rapport aux sommes attendues. La comparaison se fait avec la même période de l'année précédente.","False","3525"
"% Taux Encaissement YTD M-1","Taux d'encaissement cumulé annuel du mois précédent","Encaissement et quittancement","Suit la part des sommes encaissées par rapport aux sommes attendues. La comparaison se fait avec le mois précédent.","False","4028"
"tx encaissement YTD","Taux d'encaissement cumulé annuel historique","Encaissement et quittancement","Suit la part des sommes encaissées par rapport aux sommes attendues. Le résultat est cumulé depuis le début de l'année.","False","365"
"Tx Encaissement hpp soldes_ca_operation","Taux d'encaissement hors passages en perte","Encaissement et quittancement","Suit la part des sommes encaissées par rapport aux sommes attendues.","False","313"
"% Taux Encaissement Mensuel","Taux d'encaissement mensuel","Encaissement et quittancement","Suit la part des sommes encaissées par rapport aux sommes attendues.","False","3515"
"% Taux Encaissement Mensuel LY","Taux d'encaissement mensuel année précédente","Encaissement et quittancement","Suit la part des sommes encaissées par rapport aux sommes attendues. La comparaison se fait avec la même période de l'année précédente.","False","3530"
"Taux d'encaissement mensuel DTP Corrigé","Taux d'encaissement mensuel DTP Corrigé","Encaissement et quittancement","Suit la part des sommes encaissées par rapport aux sommes attendues.","False","2600"
"Tx Encaissement YTD N-1","Taux Encaissement cumul annuel année précédente","Encaissement et quittancement","Suit la part des sommes encaissées par rapport aux sommes attendues. La comparaison se fait avec la même période de l'année précédente.","False","1208"
"tx encaissement YTD recalculé","Taux encaissement cumul annuel recalculé","Encaissement et quittancement","Suit la part des sommes encaissées par rapport aux sommes attendues. Le résultat est cumulé depuis le début de l'année.","False","1367"
"Taux RALI YTD","Taux RALI cumul annuel","Encaissement et quittancement","Suit la part des sommes encaissées par rapport aux sommes attendues. Le résultat est cumulé depuis le début de l'année.","False","2608"
"Taux RALI mensuel","Taux RALI mensuel","Encaissement et quittancement","Suit la part des sommes encaissées par rapport aux sommes attendues.","False","2604"
"Structures collectives","Structures collectives","Indicateurs généraux","Indicateur métier utilisé pour le pilotage.","False","1796"
"obj_2024_dette","Objectif 2024 de dette","Objectifs","Sert à comparer un résultat à un objectif de pilotage. Le résultat est cumulé depuis le début de l'année.","False","1006"
"obj_2024-vacancefi","Objectif 2024 de vacance financière","Objectifs","Sert à comparer un résultat à un objectif de pilotage. Le résultat est cumulé depuis le début de l'année.","False","1010"
"Objectif Plafond Annuel Dette Loc","Objectif annuel de dette locataires","Objectifs","Sert à comparer un résultat à un objectif de pilotage.","False","369"
"Obj_entrees_salaries","Objectif d'entrées de salariés","Objectifs","Sert à comparer un résultat à un objectif de pilotage.","False","1060"
"objectif intéressement tx encaissement","Objectif intéressement Taux encaissement","Objectifs","Sert à comparer un résultat à un objectif de pilotage.","False","1068"
"objectif intéressement tx vac fi com lgt","Objectif intéressement Taux vacance financière commerces logements","Objectifs","Sert à comparer un résultat à un objectif de pilotage.","False","1072"
"Objectif_Total_Dette","Objectif total de dette","Objectifs","Sert à comparer un résultat à un objectif de pilotage. Le résultat est cumulé depuis le début de l'année.","False","1014"
"Objectif_Total_Vacance","Objectif total de vacance","Objectifs","Sert à comparer un résultat à un objectif de pilotage. Le résultat est cumulé depuis le début de l'année.","False","1037"
"Plafond_mutation","Plafond mutation","Objectifs","Sert à comparer un résultat à un objectif de pilotage.","False","2816"
"Ratio intéressement encaissement","Ratio intéressement encaissement","Objectifs","Sert à comparer un résultat à un objectif de pilotage. Le résultat est cumulé depuis le début de l'année.","False","1076"
"Ratio intéressement vac fi com","Ratio intéressement vacance financière commerces","Objectifs","Sert à comparer un résultat à un objectif de pilotage. Le résultat est cumulé depuis le début de l'année.","False","1080"
"Ratio mutation","Ratio mutation","Objectifs","Sert à comparer un résultat à un objectif de pilotage. Le résultat est cumulé depuis le début de l'année.","False","2820"
"Dep_object_salaries","Taux d'atteinte de l'objectif d'entrées de salariés","Objectifs","Sert à comparer un résultat à un objectif de pilotage. Le résultat est cumulé depuis le début de l'année.","False","1064"
"% Dép objectif dette loc YTD","Taux d'atteinte de l'objectif dette locataires cumulé annuel","Objectifs","Sert à comparer un résultat à un objectif de pilotage. Le résultat est cumulé depuis le début de l'année.","False","1002"
"% Dép obj vacance logement","Taux d'atteinte de l'objectif vacance logements","Objectifs","Sert à comparer un résultat à un objectif de pilotage. Le résultat est cumulé depuis le début de l'année.","False","998"
"Variation de Ratio intéressement vac fi com par xAgence","Variation du ratio d'intéressement vacance financière par agence","Objectifs","Sert à comparer un résultat à un objectif de pilotage.","False","1100"
"Cible entrées salariés","Cible entrées salariés","Occupation et mobilité","Mesure la part ou le rythme des mouvements d'occupation.","False","3331"
"Entrées YTD","Entrées cumulées annuelles historiques","Occupation et mobilité","Compte les entrées, sorties ou mouvements des locataires. Le résultat est cumulé depuis le début de l'année.","False","585"
"Entrées salariés","Entrées de salariés","Occupation et mobilité","Compte les entrées, sorties ou mouvements des locataires.","False","985"
"Entrées salariés YTD","Entrées de salariés cumulées annuelles","Occupation et mobilité","Compte les entrées, sorties ou mouvements des locataires. Le résultat est cumulé depuis le début de l'année.","False","969"
"Entrées en 2025","Entrées en 2025","Occupation et mobilité","Compte les entrées, sorties ou mouvements des locataires. Le résultat est cumulé depuis le début de l'année.","False","3921"
"# Entrées LOC YTD","Entrées locataires cumulées annuelles","Occupation et mobilité","Compte les entrées, sorties ou mouvements des locataires. La comparaison se fait avec la même période de l'année précédente.","False","3570"
"Mobilité N-1","Mobilité année précédente","Occupation et mobilité","Mesure la part ou le rythme des mouvements d'occupation. La comparaison se fait avec la même période de l'année précédente.","False","3545"
"Mobilité YTD","Mobilité cumul annuel","Occupation et mobilité","Mesure la part ou le rythme des mouvements d'occupation. Le résultat est cumulé depuis le début de l'année.","False","631"
"Mobilité YTD new","Mobilité cumulée annuelle","Occupation et mobilité","Mesure la part ou le rythme des mouvements d'occupation. La comparaison se fait avec la même période de l'année précédente.","False","3555"
"Mobilité m-1","Mobilité du mois précédent","Occupation et mobilité","Mesure la part ou le rythme des mouvements d'occupation. La comparaison se fait avec le mois précédent.","False","4048"
"Mobilité mensuelle","Mobilité mensuelle","Occupation et mobilité","Mesure la part ou le rythme des mouvements d'occupation.","False","635"
"Mobilité 12m","Mobilité sur douze mois","Occupation et mobilité","Mesure la part ou le rythme des mouvements d'occupation.","False","2812"
"Mobilité 1a N-1","Mobilité sur douze mois année précédente","Occupation et mobilité","Mesure la part ou le rythme des mouvements d'occupation. La comparaison se fait avec la même période de l'année précédente.","False","4043"
"Mobilité 1a","Mobilité sur un an","Occupation et mobilité","Mesure la part ou le rythme des mouvements d'occupation.","False","3550"
"Mutation","Mutation","Occupation et mobilité","Compte les entrées, sorties ou mouvements des locataires.","False","2734"
"Mutations YTD","Mutations cumul annuel","Occupation et mobilité","Compte les entrées, sorties ou mouvements des locataires. Le résultat est cumulé depuis le début de l'année.","False","2738"
"# Mutations YTD","Mutations cumulées annuelles","Occupation et mobilité","Compte les entrées, sorties ou mouvements des locataires. La comparaison se fait avec la même période de l'année précédente.","False","3560"
"# Sorties","Nombre de sorties","Occupation et mobilité","Compte les entrées, sorties ou mouvements des locataires.","False","419"
"# Entrées","Nombre d'entrées","Occupation et mobilité","Compte les entrées, sorties ou mouvements des locataires.","False","414"
"# Entrées YTD","Nombre d'entrées cumulées annuelles","Occupation et mobilité","Compte les entrées, sorties ou mouvements des locataires. La comparaison se fait avec la même période de l'année précédente.","False","3565"
"# Entrées Salariés YTD","Nombre d'entrées de salariés cumulées annuelles","Occupation et mobilité","Compte les entrées, sorties ou mouvements des locataires. La comparaison se fait avec la même période de l'année précédente.","False","3575"
"Sorties YTD","Sorties cumul annuel","Occupation et mobilité","Compte les entrées, sorties ou mouvements des locataires. La comparaison se fait avec la même période de l'année précédente.","False","3447"
"Sorties_YTD","Sorties cumulées annuelles","Occupation et mobilité","Compte les entrées, sorties ou mouvements des locataires. Le résultat est cumulé depuis le début de l'année.","False","616"
"Sorties_12M","Sorties sur douze mois","Occupation et mobilité","Compte les entrées, sorties ou mouvements des locataires.","False","855"
"Tx de mutation YTD","Taux de mutation cumul annuel","Occupation et mobilité","Mesure la part ou le rythme des mouvements d'occupation. Le résultat est cumulé depuis le début de l'année.","False","2757"
"% Entrées Salariés YTD","Taux Entrées Salariés cumul annuel","Occupation et mobilité","Mesure la part ou le rythme des mouvements d'occupation. Le résultat est cumulé depuis le début de l'année.","False","671"
"Age","Age","Patrimoine","Compte des éléments du patrimoine comme les logements, commerces, bâtiments ou unités de gestion.","False","1898"
"GH","GH","Patrimoine","Compte des éléments du patrimoine comme les logements, commerces, bâtiments ou unités de gestion.","False","1842"
"Indice de densité urbaine","Indice de densité urbaine","Patrimoine","Suit un indicateur descriptif du patrimoine.","False","3852"
"Livraisons cumulées","Livraisons cumulées","Patrimoine","Compte des éléments du patrimoine comme les logements, commerces, bâtiments ou unités de gestion. La comparaison se fait avec la même période de l'année précédente.","False","446"
"Logements","Logements","Patrimoine","Compte des éléments du patrimoine comme les logements, commerces, bâtiments ou unités de gestion.","False","1692"
"# Bâtiments","Nombre de bâtiments","Patrimoine","Compte des éléments du patrimoine comme les logements, commerces, bâtiments ou unités de gestion.","False","3765"
"# Commerces","Nombre de commerces","Patrimoine","Compte des éléments du patrimoine comme les logements, commerces, bâtiments ou unités de gestion.","False","581"
"# Commerces m-1","Nombre de commerces du mois précédent","Patrimoine","Compte des éléments du patrimoine comme les logements, commerces, bâtiments ou unités de gestion. La comparaison se fait avec le mois précédent.","False","1936"
"# Commerces 2024","Nombre de commerces en 2024","Patrimoine","Compte des éléments du patrimoine comme les logements, commerces, bâtiments ou unités de gestion.","False","1700"
"# Commerces vacants","Nombre de commerces vacants","Patrimoine","Compte des éléments du patrimoine comme les logements, commerces, bâtiments ou unités de gestion.","False","1953"
"# CA principaux","Nombre de contrats principaux","Patrimoine","Compte des éléments du patrimoine comme les logements, commerces, bâtiments ou unités de gestion.","False","2767"
"Nb LIBRE","Nombre de LIBRE","Patrimoine","Compte des éléments du patrimoine comme les logements, commerces, bâtiments ou unités de gestion.","False","3088"
"# Livraisons M","Nombre de livraisons logements mensuelles","Patrimoine","Compte des éléments du patrimoine comme les logements, commerces, bâtiments ou unités de gestion.","False","1877"
"# Livraisons mensuelles","Nombre de livraisons mensuelles","Patrimoine","Compte des éléments du patrimoine comme les logements, commerces, bâtiments ou unités de gestion.","False","24"
"Nb LLS","Nombre de LLS","Patrimoine","Compte des éléments du patrimoine comme les logements, commerces, bâtiments ou unités de gestion.","False","3296"
"Nb LLTS","Nombre de LLTS","Patrimoine","Compte des éléments du patrimoine comme les logements, commerces, bâtiments ou unités de gestion.","False","3157"
"# Logements","Nombre de logements","Patrimoine","Compte des éléments du patrimoine comme les logements, commerces, bâtiments ou unités de gestion.","False","577"
"# Collectifs","Nombre de logements collectifs","Patrimoine","Compte des éléments du patrimoine comme les logements, commerces, bâtiments ou unités de gestion.","False","3907"
"# Logements m-1","Nombre de logements du mois précédent","Patrimoine","Compte des éléments du patrimoine comme les logements, commerces, bâtiments ou unités de gestion. La comparaison se fait avec le mois précédent.","False","1978"
"# Logements et commerces contractés","Nombre de logements et commerces contractés","Patrimoine","Compte des éléments du patrimoine comme les logements, commerces, bâtiments ou unités de gestion.","False","3895"
"# Individuels","Nombre de logements individuels","Patrimoine","Compte des éléments du patrimoine comme les logements, commerces, bâtiments ou unités de gestion.","False","3903"
"# Logements Vacants","Nombre de logements vacants","Patrimoine","Compte des éléments du patrimoine comme les logements, commerces, bâtiments ou unités de gestion.","False","67"
"# Loges","Nombre de loges","Patrimoine","Compte des éléments du patrimoine comme les logements, commerces, bâtiments ou unités de gestion.","False","1084"
"Nb PLI","Nombre de PLI","Patrimoine","Compte des éléments du patrimoine comme les logements, commerces, bâtiments ou unités de gestion.","False","3192"
"Nb PSLA","Nombre de PSLA","Patrimoine","Compte des éléments du patrimoine comme les logements, commerces, bâtiments ou unités de gestion.","False","3261"
"Nb T1","Nombre de T1","Patrimoine","Compte des éléments du patrimoine comme les logements, commerces, bâtiments ou unités de gestion.","False","2918"
"Nb T2","Nombre de T2","Patrimoine","Compte des éléments du patrimoine comme les logements, commerces, bâtiments ou unités de gestion.","False","2952"
"Nb T3","Nombre de T3","Patrimoine","Compte des éléments du patrimoine comme les logements, commerces, bâtiments ou unités de gestion.","False","2986"
"Nb T4","Nombre de T4","Patrimoine","Compte des éléments du patrimoine comme les logements, commerces, bâtiments ou unités de gestion.","False","3020"
"Nb T5+","Nombre de T5 et plus","Patrimoine","Compte des éléments du patrimoine comme les logements, commerces, bâtiments ou unités de gestion.","False","3054"
"Nb d'étages","Nombre d'étages","Patrimoine","Compte des éléments du patrimoine comme les logements, commerces, bâtiments ou unités de gestion.","False","2903"
"# UG","Nombre d'UG","Patrimoine","Compte des éléments du patrimoine comme les logements, commerces, bâtiments ou unités de gestion.","False","20"
"# UG Vacants VVO","Nombre d'UG vacantes volontaires","Patrimoine","Compte des éléments du patrimoine comme les logements, commerces, bâtiments ou unités de gestion.","False","1650"
"Prix m²","Prix mensuel²","Patrimoine","Suit un indicateur descriptif du patrimoine.","False","1893"
"% Commerces","Taux Commerces","Patrimoine","Compte des éléments du patrimoine comme les logements, commerces, bâtiments ou unités de gestion.","False","2830"
"% Logements","Taux Logements","Patrimoine","Compte des éléments du patrimoine comme les logements, commerces, bâtiments ou unités de gestion.","False","810"
"Couleur dette","Couleur de la dette","Restitution","Sert à afficher un texte, une couleur ou un contenu de restitution dans le rapport. Le résultat est cumulé depuis le début de l'année.","False","4083"
"Couleur vacance","Couleur de la vacance","Restitution","Sert à afficher un texte, une couleur ou un contenu de restitution dans le rapport. Le résultat est cumulé depuis le début de l'année.","False","4068"
"Couleur salariés","Couleur des entrées de salariés","Restitution","Sert à afficher un texte, une couleur ou un contenu de restitution dans le rapport. Le résultat est cumulé depuis le début de l'année.","False","4053"
"Narratif HTML","Narratif HTML","Restitution","Sert à afficher un texte, une couleur ou un contenu de restitution dans le rapport. La comparaison se fait avec la même période de l'année précédente.","False","4098"
"SousTitre HTML Détail impayé","Sous-titre HTML détail impayé","Restitution","Sert à afficher un texte, une couleur ou un contenu de restitution dans le rapport. La comparaison se fait avec la même période de l'année précédente.","False","4281"
"SousTitre HTML Détail vacance","Sous-titre HTML détail vacance","Restitution","Sert à afficher un texte, une couleur ou un contenu de restitution dans le rapport. La comparaison se fait avec la même période de l'année précédente.","False","4257"
"SousTitre HTML Flux d'occupation","Sous-titre HTML flux d'occupation","Restitution","Sert à afficher un texte, une couleur ou un contenu de restitution dans le rapport. La comparaison se fait avec la même période de l'année précédente.","False","4305"
"SousTitre HTML Patrimoine","Sous-titre HTML patrimoine","Restitution","Sert à afficher un texte, une couleur ou un contenu de restitution dans le rapport. La comparaison se fait avec la même période de l'année précédente.","False","4233"
"SousTitre HTML Quittancement et impayé","Sous-titre HTML quittancement et impayé","Restitution","Sert à afficher un texte, une couleur ou un contenu de restitution dans le rapport. La comparaison se fait avec la même période de l'année précédente.","False","4329"
"SousTitre HTML Vacance financière logements","Sous-titre HTML vacance financière logements","Restitution","Sert à afficher un texte, une couleur ou un contenu de restitution dans le rapport. La comparaison se fait avec la même période de l'année précédente.","False","4353"
"SousTitre HTML Vacance physique logements","Sous-titre HTML vacance physique logements","Restitution","Sert à afficher un texte, une couleur ou un contenu de restitution dans le rapport. La comparaison se fait avec la même période de l'année précédente.","False","4377"
"Titre Gestion Locative HTML","Titre HTML gestion locative","Restitution","Sert à afficher un texte, une couleur ou un contenu de restitution dans le rapport. La comparaison se fait avec la même période de l'année précédente.","False","4186"
"PPM1","Passages en perte du mois précédent","Temps","Sert à comparer ou cumuler un indicateur dans le temps. La comparaison se fait avec le mois précédent.","False","259"
"Armos Quittancement Théorique","Armos Quittancement Théorique","Vacance\Financière","Compte les logements, commerces ou unités concernés par une situation de vacance. Le résultat est cumulé depuis le début de l'année.","False","1517"
"Loyers Quittançables HC","Loyers Quittançables HC","Vacance\Financière","Mesure le montant ou le volume lié à la vacance.","False","2706"
"Loyers Quittançables TCC","Loyers Quittançables TCC","Vacance\Financière","Mesure le montant ou le volume lié à la vacance.","False","1499"
"MontantTotal3*vacance_SUMX","Montant total des vacances élevées","Vacance\Financière","Compte les logements, commerces ou unités concernés par une situation de vacance. Le résultat est cumulé depuis le début de l'année.","False","1521"
"% Tx Vac Comm YTD","Taux de vacance commerciale cumulé annuel","Vacance\Financière","Indique la part de vacance par rapport au volume de référence, pour suivre le niveau de vacance. Le résultat est cumulé depuis le début de l'année.","False","560"
"Tx de vacance fi YTD comm recalcul","Taux de vacance financière cumul annuel commerciale recalcul","Vacance\Financière","Indique la part de vacance par rapport au volume de référence, pour suivre le niveau de vacance. Le résultat est cumulé depuis le début de l'année.","False","1325"
"Tx de vacance fi YTD Strat recalcul","Taux de vacance financière cumul annuel stratégique recalcul","Vacance\Financière","Indique la part de vacance par rapport au volume de référence, pour suivre le niveau de vacance. Le résultat est cumulé depuis le début de l'année.","False","1329"
"Tx de vacance fi YTD Tech recalcul","Taux de vacance financière cumul annuel technique recalcul","Vacance\Financière","Indique la part de vacance par rapport au volume de référence, pour suivre le niveau de vacance. Le résultat est cumulé depuis le début de l'année.","False","1333"
"% Tx Vac Fi YTD","Taux de vacance financière cumulé annuel","Vacance\Financière","Indique la part de vacance par rapport au volume de référence, pour suivre le niveau de vacance. Le résultat est cumulé depuis le début de l'année.","False","431"
"% Vacance Financière Logements YTD","Taux de vacance financière logements cumulé annuel","Vacance\Financière","Indique la part de vacance par rapport au volume de référence, pour suivre le niveau de vacance. Le résultat est cumulé depuis le début de l'année.","False","3606"
"% Vacance Financière Logements YTD M-1","Taux de vacance financière logements cumulé annuel du mois précédent","Vacance\Financière","Indique la part de vacance par rapport au volume de référence, pour suivre le niveau de vacance. La comparaison se fait avec le mois précédent.","False","4033"
"% Vacance Financière Logements M-1","Taux de vacance financière logements du mois précédent","Vacance\Financière","Indique la part de vacance par rapport au volume de référence, pour suivre le niveau de vacance. La comparaison se fait avec le mois précédent.","False","4038"
"% Vacance Financière Logements M","Taux de vacance financière logements mensuel","Vacance\Financière","Indique la part de vacance par rapport au volume de référence, pour suivre le niveau de vacance.","False","3617"
"% Tx Vac Fi mensuelle","Taux de vacance financière mensuel","Vacance\Financière","Indique la part de vacance par rapport au volume de référence, pour suivre le niveau de vacance.","False","519"
"vacance fi YTD recalcul","Taux de vacance financière recalculé cumulé annuel","Vacance\Financière","Indique la part de vacance par rapport au volume de référence, pour suivre le niveau de vacance. Le résultat est cumulé depuis le début de l'année.","False","1317"
"% Tx Vac Strat Fi YTD","Taux de vacance financière stratégique cumulé annuel","Vacance\Financière","Indique la part de vacance par rapport au volume de référence, pour suivre le niveau de vacance. Le résultat est cumulé depuis le début de l'année.","False","526"
"% Tx Vac Tech Fi YTD","Taux de vacance financière technique cumulé annuel","Vacance\Financière","Indique la part de vacance par rapport au volume de référence, pour suivre le niveau de vacance. Le résultat est cumulé depuis le début de l'année.","False","545"
"% Vacance Financière Commerciale Logements YTD","Taux Vacance Financière Commerciale Logements cumul annuel","Vacance\Financière","Indique la part de vacance par rapport au volume de référence, pour suivre le niveau de vacance. Le résultat est cumulé depuis le début de l'année.","False","3674"
"% Vacance Financière Stratégique Logements YTD","Taux Vacance Financière Stratégique Logements cumul annuel","Vacance\Financière","Indique la part de vacance par rapport au volume de référence, pour suivre le niveau de vacance. Le résultat est cumulé depuis le début de l'année.","False","3679"
"% Vacance globale commerces et logements YTD","Taux Vacance globale commerces et logements cumul annuel","Vacance\Financière","Indique la part de vacance par rapport au volume de référence, pour suivre le niveau de vacance. Le résultat est cumulé depuis le début de l'année.","False","3822"
"Vacance < 3M","Vacance < 3M","Vacance\Financière","Compte les logements, commerces ou unités concernés par une situation de vacance. Le résultat est cumulé depuis le début de l'année.","False","1534"
"Vacance financière - Commerces & Bureaux","Vacance financière - Commerces et Bureaux","Vacance\Financière","Mesure le montant ou le volume lié à la vacance.","False","3947"
"Vacance Financière Commerces YTD","Vacance Financière Commerces cumul annuel","Vacance\Financière","Compte les logements, commerces ou unités concernés par une situation de vacance. La comparaison se fait avec la même période de l'année précédente.","False","3684"
"Vacance Financière Commerces YTD LY","Vacance Financière Commerces cumul annuel année précédente","Vacance\Financière","Compte les logements, commerces ou unités concernés par une situation de vacance. La comparaison se fait avec la même période de l'année précédente.","False","3689"
"Vacance Financière Commerce et Logement TCC YTD","Vacance financière commerces et logements cumulée annuelle","Vacance\Financière","Compte les logements, commerces ou unités concernés par une situation de vacance. La comparaison se fait avec la même période de l'année précédente.","False","3807"
"Vacance Financière Commerce et Logement TCC M","Vacance financière commerces et logements mensuelle","Vacance\Financière","Mesure le montant ou le volume lié à la vacance.","False","3801"
"Vacance Financière Commerces M","Vacance financière commerces mensuelle","Vacance\Financière","Mesure le montant ou le volume lié à la vacance.","False","3648"
"Vacance financière commerciale LGT","Vacance financière commerciale logements","Vacance\Financière","Compte les logements, commerces ou unités concernés par une situation de vacance.","False","3622"
"Vacance financière commerciale LGT YTD","Vacance financière commerciale logements cumul annuel","Vacance\Financière","Compte les logements, commerces ou unités concernés par une situation de vacance. La comparaison se fait avec la même période de l'année précédente.","False","3627"
"vacance financière YTD","Vacance financière cumul annuel","Vacance\Financière","Compte les logements, commerces ou unités concernés par une situation de vacance. Le résultat est cumulé depuis le début de l'année.","False","427"
"Vacance financière YTD - Commerces & Bureaux","Vacance financière cumul annuel - Commerces et Bureaux","Vacance\Financière","Mesure le montant ou le volume lié à la vacance. La comparaison se fait avec la même période de l'année précédente.","False","3957"
"Vacance Financière YTD N-1","Vacance Financière cumul annuel année précédente","Vacance\Financière","Compte les logements, commerces ou unités concernés par une situation de vacance. La comparaison se fait avec la même période de l'année précédente.","False","1155"
"VacanceFinanciereYTDRecalculeHC","Vacance financière hors charges recalculée cumulée annuelle","Vacance\Financière","Compte les logements, commerces ou unités concernés par une situation de vacance. Le résultat est cumulé depuis le début de l'année.","False","2871"
"Vacance Financière Logements YTD","Vacance financière logements cumulée annuelle","Vacance\Financière","Compte les logements, commerces ou unités concernés par une situation de vacance. La comparaison se fait avec la même période de l'année précédente.","False","3587"
"Vacance Financière Logements YTD LY","Vacance financière logements cumulée annuelle précédente","Vacance\Financière","Compte les logements, commerces ou unités concernés par une situation de vacance. La comparaison se fait avec la même période de l'année précédente.","False","3592"
"Vacance financière MEL LGT","Vacance financière logements en mise en location","Vacance\Financière","Compte les logements, commerces ou unités concernés par une situation de vacance.","False","3791"
"Vacance financière MEL LGT YTD","Vacance financière logements en mise en location cumulée annuelle","Vacance\Financière","Compte les logements, commerces ou unités concernés par une situation de vacance. La comparaison se fait avec la même période de l'année précédente.","False","3796"
"Vacance Financière Logements M","Vacance financière logements mensuelle","Vacance\Financière","Compte les logements, commerces ou unités concernés par une situation de vacance.","False","3580"
"VacanceFinanciereYTDRecalcule","Vacance financière recalculée cumulée annuelle","Vacance\Financière","Mesure le montant ou le volume lié à la vacance. Le résultat est cumulé depuis le début de l'année.","False","1394"
"Vacance Financière Stratégique LGT","Vacance Financière Stratégique logements","Vacance\Financière","Compte les logements, commerces ou unités concernés par une situation de vacance.","False","3632"
"Vacance Financière Stratégique LGT YTD","Vacance Financière Stratégique logements cumul annuel","Vacance\Financière","Compte les logements, commerces ou unités concernés par une situation de vacance. La comparaison se fait avec la même période de l'année précédente.","False","3637"
"Vacance financière technique LGT","Vacance financière technique logements","Vacance\Financière","Compte les logements, commerces ou unités concernés par une situation de vacance.","False","3755"
"Vacance financière technique LGT YTD","Vacance financière technique logements cumul annuel","Vacance\Financière","Compte les logements, commerces ou unités concernés par une situation de vacance. La comparaison se fait avec la même période de l'année précédente.","False","3760"
"Vacance commerciale","Nombre de logements en vacance commerciale","Vacance\Physique","Compte les logements, commerces ou unités concernés par une situation de vacance.","False","941"
"# Logements Vacants Stratégique","Nombre de logements en vacance stratégique","Vacance\Physique","Compte les logements, commerces ou unités concernés par une situation de vacance.","False","2791"
"# Logements Vacants Commercial","Nombre de logements vacants en commercial","Vacance\Physique","Compte les logements, commerces ou unités concernés par une situation de vacance.","False","2779"
"# UG Vacance Ordinaire","Nombre d'UG en vacance ordinaire","Vacance\Physique","Compte les logements, commerces ou unités concernés par une situation de vacance.","False","460"
"# UG Vacants Technique","Nombre d'UG en vacance technique","Vacance\Physique","Compte les logements, commerces ou unités concernés par une situation de vacance.","False","2785"
"Nb UG Vac Plus 3 Mois","Nombre d'UG vacantes depuis plus de trois mois","Vacance\Physique","Compte les logements, commerces ou unités concernés par une situation de vacance.","False","1613"
"Vacance globale","Nombre total de logements vacants","Vacance\Physique","Compte les logements, commerces ou unités concernés par une situation de vacance.","False","945"
"Part vacance stratégique","Part vacance stratégique","Vacance\Physique","Indique la part de vacance par rapport au volume de référence, pour suivre le niveau de vacance.","False","2894"
"Part vacance stratégique dans la vacance globale","Part vacance stratégique dans la vacance globale","Vacance\Physique","Indique la part de vacance par rapport au volume de référence, pour suivre le niveau de vacance.","False","1096"
"% Vac com commerces","Taux de vacance commerciale des commerces","Vacance\Physique","Indique la part de vacance par rapport au volume de référence, pour suivre le niveau de vacance.","False","2854"
"% Vac","Taux Vac","Vacance\Physique","Indique la part de vacance par rapport au volume de référence, pour suivre le niveau de vacance.","False","1957"
"% Vac com","Taux Vac commerces","Vacance\Physique","Indique la part de vacance par rapport au volume de référence, pour suivre le niveau de vacance.","False","1088"
"Vacance commerciale - Commerces & Bureaux","Vacance commerciale - Commerces et Bureaux","Vacance\Physique","Mesure le montant ou le volume lié à la vacance.","False","3928"
"Vacance commerciale YTD - Commerces & Bureaux","Vacance commerciale cumul annuel - Commerces et Bureaux","Vacance\Physique","Mesure le montant ou le volume lié à la vacance. La comparaison se fait avec la même période de l'année précédente.","False","3940"
"TotalVacanceComm_ug","Vacance commerciale totale par UG","Vacance\Physique","Compte les logements, commerces ou unités concernés par une situation de vacance.","False","1418"
"TotalVacanceDemol_ug","Vacance liée aux démolitions par UG","Vacance\Physique","Mesure le montant ou le volume lié à la vacance.","False","1562"
"TotalVacanceVendu_ug","Vacance liée aux ventes par UG","Vacance\Physique","Mesure le montant ou le volume lié à la vacance.","False","1538"
"Vacance MEL - Commerces & Bureaux","Vacance mise en location - Commerces et Bureaux","Vacance\Physique","Mesure le montant ou le volume lié à la vacance.","False","3964"
"Vacance MEL YTD - Commerces & Bureaux","Vacance mise en location cumul annuel - Commerces et Bureaux","Vacance\Physique","Mesure le montant ou le volume lié à la vacance. La comparaison se fait avec la même période de l'année précédente.","False","3974"
"Vacance moins de trois mois","Vacance moins de trois mois","Vacance\Physique","Compte les logements, commerces ou unités concernés par une situation de vacance.","False","1645"
"Vacance phy commerciale commerces","Vacance phy commerciale commerces","Vacance\Physique","Compte les logements, commerces ou unités concernés par une situation de vacance.","False","2858"
"Vacance phy globale commerce","Vacance phy globale commerce","Vacance\Physique","Compte les logements, commerces ou unités concernés par une situation de vacance.","False","2862"
"Vacance stratégique - Commerces & Bureaux","Vacance stratégique - Commerces et Bureaux","Vacance\Physique","Mesure le montant ou le volume lié à la vacance.","False","3981"
"Vacance stratégique YTD - Commerces & Bureaux","Vacance stratégique cumul annuel - Commerces et Bureaux","Vacance\Physique","Mesure le montant ou le volume lié à la vacance. La comparaison se fait avec la même période de l'année précédente.","False","3991"
"Vacance Stratégique logement","Vacance Stratégique logement","Vacance\Physique","Compte les logements, commerces ou unités concernés par une situation de vacance.","False","1092"
"TotalVacanceStrat_ug","Vacance stratégique totale par UG","Vacance\Physique","Compte les logements, commerces ou unités concernés par une situation de vacance.","False","1443"
"Vacance technique - Commerces & Bureaux","Vacance technique - Commerces et Bureaux","Vacance\Physique","Mesure le montant ou le volume lié à la vacance.","False","4005"
"Vacance technique YTD - Commerces & Bureaux","Vacance technique cumul annuel - Commerces et Bureaux","Vacance\Physique","Mesure le montant ou le volume lié à la vacance. La comparaison se fait avec la même période de l'année précédente.","False","4017"
"TotalVacanceTech_ug","Vacance technique totale par UG","Vacance\Physique","Compte les logements, commerces ou unités concernés par une situation de vacance.","False","1467"
"VacanceVolontaireYTD","Vacance Volontaire cumul annuel","Vacance\Physique","Compte les logements, commerces ou unités concernés par une situation de vacance. Le résultat est cumulé depuis le début de l'année.","False","1586"
"# CA","# CA","À vérifier","À vérifier avant usage. Cette mesure n'a pas été retrouvée dans les rapports analysés et doit être confirmée avec le métier. Elle est conservée temporairement pour éviter de supprimer un calcul potentiellement utile.","True","73"
"# CA presents","# CA presents","À vérifier","À vérifier avant usage. Cette mesure n'a pas été retrouvée dans les rapports analysés et doit être confirmée avec le métier. Elle est conservée temporairement pour éviter de supprimer un calcul potentiellement utile.","True","655"
"# Livraisons Mensuelles commerces","# Livraisons Mensuelles commerces","À vérifier","À vérifier avant usage. Cette mesure n'a pas été retrouvée dans les rapports analysés et doit être confirmée avec le métier. Elle est conservée temporairement pour éviter de supprimer un calcul potentiellement utile.","True","1121"
"# Logements contractés","# Logements contractés","À vérifier","À vérifier avant usage. Cette mesure n'a pas été retrouvée dans les rapports analysés et doit être confirmée avec le métier. Elle est conservée temporairement pour éviter de supprimer un calcul potentiellement utile.","True","2771"
"# Logements vacants m-1","# Logements vacants m-1","À vérifier","À vérifier avant usage. Cette mesure n'a pas été retrouvée dans les rapports analysés et doit être confirmée avec le métier. Elle est conservée temporairement pour éviter de supprimer un calcul potentiellement utile.","True","1996"
"# Sorties YTD LY","# Sorties YTD LY","À vérifier","À vérifier avant usage. Cette mesure n'a pas été retrouvée dans les rapports analysés et doit être confirmée avec le métier. Elle est conservée temporairement pour éviter de supprimer un calcul potentiellement utile.","True","3451"
"# UG M1","# UG M1","À vérifier","À vérifier avant usage. Cette mesure n'a pas été retrouvée dans les rapports analysés et doit être confirmée avec le métier. Elle est conservée temporairement pour éviter de supprimer un calcul potentiellement utile.","True","47"
"% Entrées Salariés","% Entrées Salariés","À vérifier","À vérifier avant usage. Cette mesure n'a pas été retrouvée dans les rapports analysés et doit être confirmée avec le métier. Elle est conservée temporairement pour éviter de supprimer un calcul potentiellement utile.","True","410"
"% quittançable TTC","% quittançable TTC","À vérifier","À vérifier avant usage. Cette mesure n'a pas été retrouvée dans les rapports analysés et doit être confirmée avec le métier. Elle est conservée temporairement pour éviter de supprimer un calcul potentiellement utile.","True","2898"
"% Tx Vac Comm Fi mensuelle","% Tx Vac Comm Fi mensuelle","À vérifier","À vérifier avant usage. Cette mesure n'a pas été retrouvée dans les rapports analysés et doit être confirmée avec le métier. Elle est conservée temporairement pour éviter de supprimer un calcul potentiellement utile.","True","502"
"% Tx Vac Strat Fi mensuelle","% Tx Vac Strat Fi mensuelle","À vérifier","À vérifier avant usage. Cette mesure n'a pas été retrouvée dans les rapports analysés et doit être confirmée avec le métier. Elle est conservée temporairement pour éviter de supprimer un calcul potentiellement utile.","True","470"
"% Tx Vac Tech Fi mensuelle","% Tx Vac Tech Fi mensuelle","À vérifier","À vérifier avant usage. Cette mesure n'a pas été retrouvée dans les rapports analysés et doit être confirmée avec le métier. Elle est conservée temporairement pour éviter de supprimer un calcul potentiellement utile.","True","487"
"% tximpaye M Operation","% tximpaye M Operation","À vérifier","À vérifier avant usage. Cette mesure n'a pas été retrouvée dans les rapports analysés et doit être confirmée avec le métier. Elle est conservée temporairement pour éviter de supprimer un calcul potentiellement utile.","True","157"
"% txrecouv Hpp M operation","% txrecouv Hpp M operation","À vérifier","À vérifier avant usage. Cette mesure n'a pas été retrouvée dans les rapports analysés et doit être confirmée avec le métier. Elle est conservée temporairement pour éviter de supprimer un calcul potentiellement utile.","True","97"
"% txrecouv Hpp YTD operation","% txrecouv Hpp YTD operation","À vérifier","À vérifier avant usage. Cette mesure n'a pas été retrouvée dans les rapports analysés et doit être confirmée avec le métier. Elle est conservée temporairement pour éviter de supprimer un calcul potentiellement utile.","True","137"
"% txrecouv M operation","% txrecouv M operation","À vérifier","À vérifier avant usage. Cette mesure n'a pas été retrouvée dans les rapports analysés et doit être confirmée avec le métier. Elle est conservée temporairement pour éviter de supprimer un calcul potentiellement utile.","True","82"
"% txrecouv YTD operation","% txrecouv YTD operation","À vérifier","À vérifier avant usage. Cette mesure n'a pas été retrouvée dans les rapports analysés et doit être confirmée avec le métier. Elle est conservée temporairement pour éviter de supprimer un calcul potentiellement utile.","True","117"
"% Vac strat","% Vac strat","À vérifier","À vérifier avant usage. Cette mesure n'a pas été retrouvée dans les rapports analysés et doit être confirmée avec le métier. Elle est conservée temporairement pour éviter de supprimer un calcul potentiellement utile.","True","1297"
"% Vacance Financière Commerces M","% Vacance Financière Commerces M","À vérifier","À vérifier avant usage. Cette mesure n'a pas été retrouvée dans les rapports analysés et doit être confirmée avec le métier. Elle est conservée temporairement pour éviter de supprimer un calcul potentiellement utile.","True","3728"
"% Vacance Financière Commerces YTD","% Vacance Financière Commerces YTD","À vérifier","À vérifier avant usage. Cette mesure n'a pas été retrouvée dans les rapports analysés et doit être confirmée avec le métier. Elle est conservée temporairement pour éviter de supprimer un calcul potentiellement utile.","True","3723"
"% Vacance Financière Commerciale Commerces YTD","% Vacance Financière Commerciale Commerces YTD","À vérifier","À vérifier avant usage. Cette mesure n'a pas été retrouvée dans les rapports analysés et doit être confirmée avec le métier. Elle est conservée temporairement pour éviter de supprimer un calcul potentiellement utile.","True","3713"
"% Vacance Financière Stratégique Commerces YTD","% Vacance Financière Stratégique Commerces YTD","À vérifier","À vérifier avant usage. Cette mesure n'a pas été retrouvée dans les rapports analysés et doit être confirmée avec le métier. Elle est conservée temporairement pour éviter de supprimer un calcul potentiellement utile.","True","3718"
"% Vacance globale commerces et logements HC YTD","% Vacance globale commerces et logements HC YTD","À vérifier","À vérifier avant usage. Cette mesure n'a pas été retrouvée dans les rapports analysés et doit être confirmée avec le métier. Elle est conservée temporairement pour éviter de supprimer un calcul potentiellement utile.","True","3848"
"€ Quittancement logements et commerces M HC","€ Quittancement logements et commerces M HC","À vérifier","À vérifier avant usage. Cette mesure n'a pas été retrouvée dans les rapports analysés et doit être confirmée avec le métier. Elle est conservée temporairement pour éviter de supprimer un calcul potentiellement utile.","True","3826"
"€ Quittancement logements et commerces YTD HC","€ Quittancement logements et commerces YTD HC","À vérifier","À vérifier avant usage. Cette mesure n'a pas été retrouvée dans les rapports analysés et doit être confirmée avec le métier. Elle est conservée temporairement pour éviter de supprimer un calcul potentiellement utile.","True","3831"
"€ Quittancement YTD M-1","€ Quittancement YTD M-1","À vérifier","À vérifier avant usage. Cette mesure n'a pas été retrouvée dans les rapports analysés et doit être confirmée avec le métier. Elle est conservée temporairement pour éviter de supprimer un calcul potentiellement utile.","True","3890"
"€ Total Vacance M UG","€ Total Vacance M UG","À vérifier","À vérifier avant usage. Cette mesure n'a pas été retrouvée dans les rapports analysés et doit être confirmée avec le métier. Elle est conservée temporairement pour éviter de supprimer un calcul potentiellement utile.","True","386"
"Absenteisme :","Absenteisme :","À vérifier","À vérifier avant usage. Cette mesure n'a pas été retrouvée dans les rapports analysés et doit être confirmée avec le métier. Elle est conservée temporairement pour éviter de supprimer un calcul potentiellement utile.","True","1753"
"Acquisitions","Acquisitions","À vérifier","À vérifier avant usage. Cette mesure n'a pas été retrouvée dans les rapports analysés et doit être confirmée avec le métier. Elle est conservée temporairement pour éviter de supprimer un calcul potentiellement utile.","True","1725"
"Affaires économiques sociales et familiales","Affaires économiques sociales et familiales","À vérifier","À vérifier avant usage. Cette mesure n'a pas été retrouvée dans les rapports analysés et doit être confirmée avec le métier. Elle est conservée temporairement pour éviter de supprimer un calcul potentiellement utile.","True","1835"
"Affaires traitées","Affaires traitées","À vérifier","À vérifier avant usage. Cette mesure n'a pas été retrouvée dans les rapports analysés et doit être confirmée avec le métier. Elle est conservée temporairement pour éviter de supprimer un calcul potentiellement utile.","True","1831"
"Agréments","Agréments","À vérifier","À vérifier avant usage. Cette mesure n'a pas été retrouvée dans les rapports analysés et doit être confirmée avec le métier. Elle est conservée temporairement pour éviter de supprimer un calcul potentiellement utile.","True","1785"
"Agréments Réhab","Agréments Réhab","À vérifier","À vérifier avant usage. Cette mesure n'a pas été retrouvée dans les rapports analysés et doit être confirmée avec le métier. Elle est conservée temporairement pour éviter de supprimer un calcul potentiellement utile.","True","1839"
"Aménagements PMR","Aménagements PMR","À vérifier","À vérifier avant usage. Cette mesure n'a pas été retrouvée dans les rapports analysés et doit être confirmée avec le métier. Elle est conservée temporairement pour éviter de supprimer un calcul potentiellement utile.","True","1773"
"Attributions salariées","Attributions salariées","À vérifier","À vérifier avant usage. Cette mesure n'a pas été retrouvée dans les rapports analysés et doit être confirmée avec le métier. Elle est conservée temporairement pour éviter de supprimer un calcul potentiellement utile.","True","1769"
"Autre variation de stock","Autre variation de stock","À vérifier","À vérifier avant usage. Cette mesure n'a pas été retrouvée dans les rapports analysés et doit être confirmée avec le métier. Elle est conservée temporairement pour éviter de supprimer un calcul potentiellement utile.","True","43"
"Balance annuelle","Balance annuelle","À vérifier","À vérifier avant usage. Cette mesure n'a pas été retrouvée dans les rapports analysés et doit être confirmée avec le métier. Elle est conservée temporairement pour éviter de supprimer un calcul potentiellement utile.","True","675"
"Compromis :","Compromis :","À vérifier","À vérifier avant usage. Cette mesure n'a pas été retrouvée dans les rapports analysés et doit être confirmée avec le métier. Elle est conservée temporairement pour éviter de supprimer un calcul potentiellement utile.","True","1721"
"croissance_soldem_ca_operation_+","croissance_soldem_ca_operation_+","À vérifier","À vérifier avant usage. Cette mesure n'a pas été retrouvée dans les rapports analysés et doit être confirmée avec le métier. Elle est conservée temporairement pour éviter de supprimer un calcul potentiellement utile.","True","1254"
"CroissanceSoldem_CA_Operation_YTD N-1","CroissanceSoldem_CA_Operation_YTD N-1","À vérifier","À vérifier avant usage. Cette mesure n'a pas été retrouvée dans les rapports analysés et doit être confirmée avec le métier. Elle est conservée temporairement pour éviter de supprimer un calcul potentiellement utile.","True","1234"
"CroissanceSoldem_CA_Operation_YTD_test","CroissanceSoldem_CA_Operation_YTD_test","À vérifier","À vérifier avant usage. Cette mesure n'a pas été retrouvée dans les rapports analysés et doit être confirmée avec le métier. Elle est conservée temporairement pour éviter de supprimer un calcul potentiellement utile.","True","3359"
"DAF Financements obtenus","DAF Financements obtenus","À vérifier","À vérifier avant usage. Cette mesure n'a pas été retrouvée dans les rapports analysés et doit être confirmée avec le métier. Elle est conservée temporairement pour éviter de supprimer un calcul potentiellement utile.","True","1804"
"DAF Trésoreries","DAF Trésoreries","À vérifier","À vérifier avant usage. Cette mesure n'a pas été retrouvée dans les rapports analysés et doit être confirmée avec le métier. Elle est conservée temporairement pour éviter de supprimer un calcul potentiellement utile.","True","1800"
"Dates données GL","Dates données GL","À vérifier","À vérifier avant usage. Cette mesure n'a pas été retrouvée dans les rapports analysés et doit être confirmée avec le métier. Elle est conservée temporairement pour éviter de supprimer un calcul potentiellement utile.","True","2083"
"DDC Livraisons","DDC Livraisons","À vérifier","À vérifier avant usage. Cette mesure n'a pas été retrouvée dans les rapports analysés et doit être confirmée avec le métier. Elle est conservée temporairement pour éviter de supprimer un calcul potentiellement utile.","True","1777"
"Découpage 2","Découpage 2","À vérifier","À vérifier avant usage. Cette mesure n'a pas été retrouvée dans les rapports analysés et doit être confirmée avec le métier. Elle est conservée temporairement pour éviter de supprimer un calcul potentiellement utile.","True","2644"
"Découpage1","Découpage1","À vérifier","À vérifier avant usage. Cette mesure n'a pas été retrouvée dans les rapports analysés et doit être confirmée avec le métier. Elle est conservée temporairement pour éviter de supprimer un calcul potentiellement utile.","True","2617"
"Dette avec PP","Dette avec PP","À vérifier","À vérifier avant usage. Cette mesure n'a pas été retrouvée dans les rapports analysés et doit être confirmée avec le métier. Elle est conservée temporairement pour éviter de supprimer un calcul potentiellement utile.","True","901"
"Dette YTD","Dette YTD","À vérifier","À vérifier avant usage. Cette mesure n'a pas été retrouvée dans les rapports analysés et doit être confirmée avec le métier. Elle est conservée temporairement pour éviter de supprimer un calcul potentiellement utile.","True","3442"
"DIS dénominateur","DIS dénominateur","À vérifier","À vérifier avant usage. Cette mesure n'a pas été retrouvée dans les rapports analysés et doit être confirmée avec le métier. Elle est conservée temporairement pour éviter de supprimer un calcul potentiellement utile.","True","2724"
"DIS indicateur % de loyer / loyer plafond","DIS indicateur % de loyer / loyer plafond","À vérifier","À vérifier avant usage. Cette mesure n'a pas été retrouvée dans les rapports analysés et doit être confirmée avec le métier. Elle est conservée temporairement pour éviter de supprimer un calcul potentiellement utile.","True","2729"
"DIS numérateur","DIS numérateur","À vérifier","À vérifier avant usage. Cette mesure n'a pas été retrouvée dans les rapports analysés et doit être confirmée avec le métier. Elle est conservée temporairement pour éviter de supprimer un calcul potentiellement utile.","True","2719"
"DistinctCount_CodeCA_par_Tranche","DistinctCount_CodeCA_par_Tranche","À vérifier","À vérifier avant usage. Cette mesure n'a pas été retrouvée dans les rapports analysés et doit être confirmée avec le métier. Elle est conservée temporairement pour éviter de supprimer un calcul potentiellement utile.","True","2102"
"Dont CDI :","Dont CDI :","À vérifier","À vérifier avant usage. Cette mesure n'a pas été retrouvée dans les rapports analysés et doit être confirmée avec le métier. Elle est conservée temporairement pour éviter de supprimer un calcul potentiellement utile.","True","1748"
"Encaissement_Alloc_Cumul_Annuel","Encaissement_Alloc_Cumul_Annuel","À vérifier","À vérifier avant usage. Cette mesure n'a pas été retrouvée dans les rapports analysés et doit être confirmée avec le métier. Elle est conservée temporairement pour éviter de supprimer un calcul potentiellement utile.","True","2573"
"Entrées 2024","Entrées 2024","À vérifier","À vérifier avant usage. Cette mesure n'a pas été retrouvée dans les rapports analysés et doit être confirmée avec le métier. Elle est conservée temporairement pour éviter de supprimer un calcul potentiellement utile.","True","1761"
"Entrées salariées recalcul","Entrées salariées recalcul","À vérifier","À vérifier avant usage. Cette mesure n'a pas été retrouvée dans les rapports analysés et doit être confirmée avec le métier. Elle est conservée temporairement pour éviter de supprimer un calcul potentiellement utile.","True","1815"
"Entrées salariés YTD graph","Entrées salariés YTD graph","À vérifier","À vérifier avant usage. Cette mesure n'a pas été retrouvée dans les rapports analysés et doit être confirmée avec le métier. Elle est conservée temporairement pour éviter de supprimer un calcul potentiellement utile.","True","1277"
"Entrées YTD LOC","Entrées YTD LOC","À vérifier","À vérifier avant usage. Cette mesure n'a pas été retrouvée dans les rapports analysés et doit être confirmée avec le métier. Elle est conservée temporairement pour éviter de supprimer un calcul potentiellement utile.","True","1301"
"Entrées YTD N-1","Entrées YTD N-1","À vérifier","À vérifier avant usage. Cette mesure n'a pas été retrouvée dans les rapports analysés et doit être confirmée avec le métier. Elle est conservée temporairement pour éviter de supprimer un calcul potentiellement utile.","True","602"
"ETP","ETP","À vérifier","À vérifier avant usage. Cette mesure n'a pas été retrouvée dans les rapports analysés et doit être confirmée avec le métier. Elle est conservée temporairement pour éviter de supprimer un calcul potentiellement utile.","True","1743"
"Fonds propres","Fonds propres","À vérifier","À vérifier avant usage. Cette mesure n'a pas été retrouvée dans les rapports analysés et doit être confirmée avec le métier. Elle est conservée temporairement pour éviter de supprimer un calcul potentiellement utile.","True","1808"
"heures d'insertion","heures d'insertion","À vérifier","À vérifier avant usage. Cette mesure n'a pas été retrouvée dans les rapports analysés et doit être confirmée avec le métier. Elle est conservée temporairement pour éviter de supprimer un calcul potentiellement utile.","True","1788"
"Indice de pauvreté","Indice de pauvreté","À vérifier","À vérifier avant usage. Cette mesure n'a pas été retrouvée dans les rapports analysés et doit être confirmée avec le métier. Elle est conservée temporairement pour éviter de supprimer un calcul potentiellement utile.","True","3871"
"Livraisons cumulées alt","Livraisons cumulées alt","À vérifier","À vérifier avant usage. Cette mesure n'a pas été retrouvée dans les rapports analysés et doit être confirmée avec le métier. Elle est conservée temporairement pour éviter de supprimer un calcul potentiellement utile.","True","1140"
"Logements 2023","Logements 2023","À vérifier","À vérifier avant usage. Cette mesure n'a pas été retrouvée dans les rapports analysés et doit être confirmée avec le métier. Elle est conservée temporairement pour éviter de supprimer un calcul potentiellement utile.","True","1696"
"Logements indécents","Logements indécents","À vérifier","À vérifier avant usage. Cette mesure n'a pas été retrouvée dans les rapports analysés et doit être confirmée avec le métier. Elle est conservée temporairement pour éviter de supprimer un calcul potentiellement utile.","True","2698"
"Mesure","Mesure","À vérifier","À vérifier avant usage. Cette mesure n'a pas été retrouvée dans les rapports analysés et doit être confirmée avec le métier. Elle est conservée temporairement pour éviter de supprimer un calcul potentiellement utile.","True","965"
"Mesure 2","Mesure 2","À vérifier","À vérifier avant usage. Cette mesure n'a pas été retrouvée dans les rapports analysés et doit être confirmée avec le métier. Elle est conservée temporairement pour éviter de supprimer un calcul potentiellement utile.","True","1713"
"Mesure 3","Mesure 3","À vérifier","À vérifier avant usage. Cette mesure n'a pas été retrouvée dans les rapports analysés et doit être confirmée avec le métier. Elle est conservée temporairement pour éviter de supprimer un calcul potentiellement utile.","True","1969"
"Mesure 4","Mesure 4","À vérifier","À vérifier avant usage. Cette mesure n'a pas été retrouvée dans les rapports analysés et doit être confirmée avec le métier. Elle est conservée temporairement pour éviter de supprimer un calcul potentiellement utile.","True","2689"
"Mesure 5","Mesure 5","À vérifier","À vérifier avant usage. Cette mesure n'a pas été retrouvée dans les rapports analysés et doit être confirmée avec le métier. Elle est conservée temporairement pour éviter de supprimer un calcul potentiellement utile.","True","2825"
"Mesure 6","Mesure 6","À vérifier","À vérifier avant usage. Cette mesure n'a pas été retrouvée dans les rapports analysés et doit être confirmée avec le métier. Elle est conservée temporairement pour éviter de supprimer un calcul potentiellement utile.","True","3998"
"Mesure 7","Mesure 7","À vérifier","À vérifier avant usage. Cette mesure n'a pas été retrouvée dans les rapports analysés et doit être confirmée avec le métier. Elle est conservée temporairement pour éviter de supprimer un calcul potentiellement utile.","True","4024"
"Mises en chantier","Mises en chantier","À vérifier","À vérifier avant usage. Cette mesure n'a pas été retrouvée dans les rapports analysés et doit être confirmée avec le métier. Elle est conservée temporairement pour éviter de supprimer un calcul potentiellement utile.","True","1782"
"Mises en chantier Réhab","Mises en chantier Réhab","À vérifier","À vérifier avant usage. Cette mesure n'a pas été retrouvée dans les rapports analysés et doit être confirmée avec le métier. Elle est conservée temporairement pour éviter de supprimer un calcul potentiellement utile.","True","1740"
"Mobilité 2024","Mobilité 2024","À vérifier","À vérifier avant usage. Cette mesure n'a pas été retrouvée dans les rapports analysés et doit être confirmée avec le métier. Elle est conservée temporairement pour éviter de supprimer un calcul potentiellement utile.","True","1765"
"MoisDecembre","MoisDecembre","À vérifier","À vérifier avant usage. Cette mesure n'a pas été retrouvée dans les rapports analysés et doit être confirmée avec le métier. Elle est conservée temporairement pour éviter de supprimer un calcul potentiellement utile.","True","3400"
"Moyenne Glissante 12m Vac fi","Moyenne Glissante 12m Vac fi","À vérifier","À vérifier avant usage. Cette mesure n'a pas été retrouvée dans les rapports analysés et doit être confirmée avec le métier. Elle est conservée temporairement pour éviter de supprimer un calcul potentiellement utile.","True","12"
"Nb jour vac YTD","Nb jour vac YTD","À vérifier","À vérifier avant usage. Cette mesure n'a pas été retrouvée dans les rapports analysés et doit être confirmée avec le métier. Elle est conservée temporairement pour éviter de supprimer un calcul potentiellement utile.","True","1590"
"Nb NA","Nb NA","À vérifier","À vérifier avant usage. Cette mesure n'a pas été retrouvée dans les rapports analysés et doit être confirmée avec le métier. Elle est conservée temporairement pour éviter de supprimer un calcul potentiellement utile.","True","3122"
"Nb PLS","Nb PLS","À vérifier","À vérifier avant usage. Cette mesure n'a pas été retrouvée dans les rapports analysés et doit être confirmée avec le métier. Elle est conservée temporairement pour éviter de supprimer un calcul potentiellement utile.","True","3227"
"Nombre d'entrée PP","Nombre d'entrée PP","À vérifier","À vérifier avant usage. Cette mesure n'a pas été retrouvée dans les rapports analysés et doit être confirmée avec le métier. Elle est conservée temporairement pour éviter de supprimer un calcul potentiellement utile.","True","659"
"Nombre d'entrée PP YTD","Nombre d'entrée PP YTD","À vérifier","À vérifier avant usage. Cette mesure n'a pas été retrouvée dans les rapports analysés et doit être confirmée avec le métier. Elle est conservée temporairement pour éviter de supprimer un calcul potentiellement utile.","True","390"
"Objectif annuel vac fi","Objectif annuel vac fi","À vérifier","À vérifier avant usage. Cette mesure n'a pas été retrouvée dans les rapports analysés et doit être confirmée avec le métier. Elle est conservée temporairement pour éviter de supprimer un calcul potentiellement utile.","True","382"
"Objectif encaissement","Objectif encaissement","À vérifier","À vérifier avant usage. Cette mesure n'a pas été retrouvée dans les rapports analysés et doit être confirmée avec le métier. Elle est conservée temporairement pour éviter de supprimer un calcul potentiellement utile.","True","960"
"Objectif vac fi à date","Objectif vac fi à date","À vérifier","À vérifier avant usage. Cette mesure n'a pas été retrouvée dans les rapports analysés et doit être confirmée avec le métier. Elle est conservée temporairement pour éviter de supprimer un calcul potentiellement utile.","True","851"
"Parcelles","Parcelles","À vérifier","À vérifier avant usage. Cette mesure n'a pas été retrouvée dans les rapports analysés et doit être confirmée avec le métier. Elle est conservée temporairement pour éviter de supprimer un calcul potentiellement utile.","True","3860"
"Quitm_ca_calculé","Quitm_ca_calculé","À vérifier","À vérifier avant usage. Cette mesure n'a pas été retrouvée dans les rapports analysés et doit être confirmée avec le métier. Elle est conservée temporairement pour éviter de supprimer un calcul potentiellement utile.","True","2701"
"Quitm_CA_Operation_Annuel","Quitm_CA_Operation_Annuel","À vérifier","À vérifier avant usage. Cette mesure n'a pas été retrouvée dans les rapports analysés et doit être confirmée avec le métier. Elle est conservée temporairement pour éviter de supprimer un calcul potentiellement utile.","True","2520"
"Quittancement Commerces","Quittancement Commerces","À vérifier","À vérifier avant usage. Cette mesure n'a pas été retrouvée dans les rapports analysés et doit être confirmée avec le métier. Elle est conservée temporairement pour éviter de supprimer un calcul potentiellement utile.","True","3694"
"Quittancement Commerces YTD","Quittancement Commerces YTD","À vérifier","À vérifier avant usage. Cette mesure n'a pas été retrouvée dans les rapports analysés et doit être confirmée avec le métier. Elle est conservée temporairement pour éviter de supprimer un calcul potentiellement utile.","True","3700"
"Quittancement m1","Quittancement m1","À vérifier","À vérifier avant usage. Cette mesure n'a pas été retrouvée dans les rapports analysés et doit être confirmée avec le métier. Elle est conservée temporairement pour éviter de supprimer un calcul potentiellement utile.","True","3782"
"Ratio contrôle","Ratio contrôle","À vérifier","À vérifier avant usage. Cette mesure n'a pas été retrouvée dans les rapports analysés et doit être confirmée avec le métier. Elle est conservée temporairement pour éviter de supprimer un calcul potentiellement utile.","True","1272"
"Réhabilitations Livrées","Réhabilitations Livrées","À vérifier","À vérifier avant usage. Cette mesure n'a pas été retrouvée dans les rapports analysés et doit être confirmée avec le métier. Elle est conservée temporairement pour éviter de supprimer un calcul potentiellement utile.","True","1737"
"Réservations PSLA :","Réservations PSLA :","À vérifier","À vérifier avant usage. Cette mesure n'a pas été retrouvée dans les rapports analysés et doit être confirmée avec le métier. Elle est conservée temporairement pour éviter de supprimer un calcul potentiellement utile.","True","1729"
"Salaire injectés","Salaire injectés","À vérifier","À vérifier avant usage. Cette mesure n'a pas été retrouvée dans les rapports analysés et doit être confirmée avec le métier. Elle est conservée temporairement pour éviter de supprimer un calcul potentiellement utile.","True","1792"
"Satisfaction globale","Satisfaction globale","À vérifier","À vérifier avant usage. Cette mesure n'a pas été retrouvée dans les rapports analysés et doit être confirmée avec le métier. Elle est conservée temporairement pour éviter de supprimer un calcul potentiellement utile.","True","954"
"Satisfaction réclamation","Satisfaction réclamation","À vérifier","À vérifier avant usage. Cette mesure n'a pas été retrouvée dans les rapports analysés et doit être confirmée avec le métier. Elle est conservée temporairement pour éviter de supprimer un calcul potentiellement utile.","True","957"
"Soldem_ca_operation_+ yc PP_presents","Soldem_ca_operation_+ yc PP_presents","À vérifier","À vérifier avant usage. Cette mesure n'a pas été retrouvée dans les rapports analysés et doit être confirmée avec le métier. Elle est conservée temporairement pour éviter de supprimer un calcul potentiellement utile.","True","1704"
"Soldem_ca_operation_+_Absent","Soldem_ca_operation_+_Absent","À vérifier","À vérifier avant usage. Cette mesure n'a pas été retrouvée dans les rapports analysés et doit être confirmée avec le métier. Elle est conservée temporairement pour éviter de supprimer un calcul potentiellement utile.","True","647"
"Soldem_ca_operation_+_LOC","Soldem_ca_operation_+_LOC","À vérifier","À vérifier avant usage. Cette mesure n'a pas été retrouvée dans les rapports analysés et doit être confirmée avec le métier. Elle est conservée temporairement pour éviter de supprimer un calcul potentiellement utile.","True","373"
"Sorties 2024","Sorties 2024","À vérifier","À vérifier avant usage. Cette mesure n'a pas été retrouvée dans les rapports analysés et doit être confirmée avec le métier. Elle est conservée temporairement pour éviter de supprimer un calcul potentiellement utile.","True","1757"
"T1","T1","À vérifier","À vérifier avant usage. Cette mesure n'a pas été retrouvée dans les rapports analysés et doit être confirmée avec le métier. Elle est conservée temporairement pour éviter de supprimer un calcul potentiellement utile.","True","2914"
"Taux - 20 jours réclamation 2024","Taux - 20 jours réclamation 2024","À vérifier","À vérifier avant usage. Cette mesure n'a pas été retrouvée dans les rapports analysés et doit être confirmée avec le métier. Elle est conservée temporairement pour éviter de supprimer un calcul potentiellement utile.","True","1811"
"Taux Paiement HPP M","Taux Paiement HPP M","À vérifier","À vérifier avant usage. Cette mesure n'a pas été retrouvée dans les rapports analysés et doit être confirmée avec le métier. Elle est conservée temporairement pour éviter de supprimer un calcul potentiellement utile.","True","2232"
"Taux Paiement HPP M-1","Taux Paiement HPP M-1","À vérifier","À vérifier avant usage. Cette mesure n'a pas été retrouvée dans les rapports analysés et doit être confirmée avec le métier. Elle est conservée temporairement pour éviter de supprimer un calcul potentiellement utile.","True","2246"
"Taux Paiement HPP M-12","Taux Paiement HPP M-12","À vérifier","À vérifier avant usage. Cette mesure n'a pas été retrouvée dans les rapports analysés et doit être confirmée avec le métier. Elle est conservée temporairement pour éviter de supprimer un calcul potentiellement utile.","True","2260"
"Taux_Mobilité_YoY_YTD_Dyn","Taux_Mobilité_YoY_YTD_Dyn","À vérifier","À vérifier avant usage. Cette mesure n'a pas été retrouvée dans les rapports analysés et doit être confirmée avec le métier. Elle est conservée temporairement pour éviter de supprimer un calcul potentiellement utile.","True","866"
"test","test","À vérifier","À vérifier avant usage. Cette mesure n'a pas été retrouvée dans les rapports analysés et doit être confirmée avec le métier. Elle est conservée temporairement pour éviter de supprimer un calcul potentiellement utile.","True","3787"
"Total logements","Total logements","À vérifier","À vérifier avant usage. Cette mesure n'a pas été retrouvée dans les rapports analysés et doit être confirmée avec le métier. Elle est conservée temporairement pour éviter de supprimer un calcul potentiellement utile.","True","1873"
"TotalVacanceMEL_ug","TotalVacanceMEL_ug","À vérifier","À vérifier avant usage. Cette mesure n'a pas été retrouvée dans les rapports analysés et doit être confirmée avec le métier. Elle est conservée temporairement pour éviter de supprimer un calcul potentiellement utile.","True","3335"
"Tx dématérialisation","Tx dématérialisation","À vérifier","À vérifier avant usage. Cette mesure n'a pas été retrouvée dans les rapports analysés et doit être confirmée avec le métier. Elle est conservée temporairement pour éviter de supprimer un calcul potentiellement utile.","True","3911"
"Tx Encaissement HPP Soldes_CA_Operation N-1","Tx Encaissement HPP Soldes_CA_Operation N-1","À vérifier","À vérifier avant usage. Cette mesure n'a pas été retrouvée dans les rapports analysés et doit être confirmée avec le métier. Elle est conservée temporairement pour éviter de supprimer un calcul potentiellement utile.","True","1178"
"Tx Mutation","Tx Mutation","À vérifier","À vérifier avant usage. Cette mesure n'a pas été retrouvée dans les rapports analysés et doit être confirmée avec le métier. Elle est conservée temporairement pour éviter de supprimer un calcul potentiellement utile.","True","2753"
"tx vac fi comm recalcul","tx vac fi comm recalcul","À vérifier","À vérifier avant usage. Cette mesure n'a pas été retrouvée dans les rapports analysés et doit être confirmée avec le métier. Elle est conservée temporairement pour éviter de supprimer un calcul potentiellement utile.","True","1321"
"Tx Vac Mensuelle","Tx Vac Mensuelle","À vérifier","À vérifier avant usage. Cette mesure n'a pas été retrouvée dans les rapports analysés et doit être confirmée avec le métier. Elle est conservée temporairement pour éviter de supprimer un calcul potentiellement utile.","True","679"
"Tx Vac Mensuelle TxVacCommm","Tx Vac Mensuelle TxVacCommm","À vérifier","À vérifier avant usage. Cette mesure n'a pas été retrouvée dans les rapports analysés et doit être confirmée avec le métier. Elle est conservée temporairement pour éviter de supprimer un calcul potentiellement utile.","True","706"
"Tx Vac Mensuelle TxVacMELm","Tx Vac Mensuelle TxVacMELm","À vérifier","À vérifier avant usage. Cette mesure n'a pas été retrouvée dans les rapports analysés et doit être confirmée avec le métier. Elle est conservée temporairement pour éviter de supprimer un calcul potentiellement utile.","True","732"
"Tx Vac Mensuelle TxVacStratm","Tx Vac Mensuelle TxVacStratm","À vérifier","À vérifier avant usage. Cette mesure n'a pas été retrouvée dans les rapports analysés et doit être confirmée avec le métier. Elle est conservée temporairement pour éviter de supprimer un calcul potentiellement utile.","True","758"
"Tx Vac Mensuelle TxVacTechm","Tx Vac Mensuelle TxVacTechm","À vérifier","À vérifier avant usage. Cette mesure n'a pas été retrouvée dans les rapports analysés et doit être confirmée avec le métier. Elle est conservée temporairement pour éviter de supprimer un calcul potentiellement utile.","True","784"
"Tx_recouvrement_impayé","Tx_recouvrement_impayé","À vérifier","À vérifier avant usage. Cette mesure n'a pas été retrouvée dans les rapports analysés et doit être confirmée avec le métier. Elle est conservée temporairement pour éviter de supprimer un calcul potentiellement utile.","True","177"
"Vacance Financière Commerce et Logement HC M","Vacance Financière Commerce et Logement HC M","À vérifier","À vérifier avant usage. Cette mesure n'a pas été retrouvée dans les rapports analysés et doit être confirmée avec le métier. Elle est conservée temporairement pour éviter de supprimer un calcul potentiellement utile.","True","3836"
"Vacance Financière Commerce et Logement HC YTD","Vacance Financière Commerce et Logement HC YTD","À vérifier","À vérifier avant usage. Cette mesure n'a pas été retrouvée dans les rapports analysés et doit être confirmée avec le métier. Elle est conservée temporairement pour éviter de supprimer un calcul potentiellement utile.","True","3842"
"Vacance financière commerciale COM","Vacance financière commerciale COM","À vérifier","À vérifier avant usage. Cette mesure n'a pas été retrouvée dans les rapports analysés et doit être confirmée avec le métier. Elle est conservée temporairement pour éviter de supprimer un calcul potentiellement utile.","True","3642"
"Vacance Financière Commerciale COM YTD","Vacance Financière Commerciale COM YTD","À vérifier","À vérifier avant usage. Cette mesure n'a pas été retrouvée dans les rapports analysés et doit être confirmée avec le métier. Elle est conservée temporairement pour éviter de supprimer un calcul potentiellement utile.","True","3668"
"Vacance Financière Stratégique COM","Vacance Financière Stratégique COM","À vérifier","À vérifier avant usage. Cette mesure n'a pas été retrouvée dans les rapports analysés et doit être confirmée avec le métier. Elle est conservée temporairement pour éviter de supprimer un calcul potentiellement utile.","True","3656"
"Vacance Financière Stratégique COM YTD","Vacance Financière Stratégique COM YTD","À vérifier","À vérifier avant usage. Cette mesure n'a pas été retrouvée dans les rapports analysés et doit être confirmée avec le métier. Elle est conservée temporairement pour éviter de supprimer un calcul potentiellement utile.","True","3662"
"vacance financière totale","vacance financière totale","À vérifier","À vérifier avant usage. Cette mesure n'a pas été retrouvée dans les rapports analysés et doit être confirmée avec le métier. Elle est conservée temporairement pour éviter de supprimer un calcul potentiellement utile.","True","833"
"vacance mensuelle rali","vacance mensuelle rali","À vérifier","À vérifier avant usage. Cette mesure n'a pas été retrouvée dans les rapports analysés et doit être confirmée avec le métier. Elle est conservée temporairement pour éviter de supprimer un calcul potentiellement utile.","True","1512"
"VacanceFinanciereHCYTDRecalcule","VacanceFinanciereHCYTDRecalcule","À vérifier","À vérifier avant usage. Cette mesure n'a pas été retrouvée dans les rapports analysés et doit être confirmée avec le métier. Elle est conservée temporairement pour éviter de supprimer un calcul potentiellement utile.","True","1656"
"VacanceFinanciereYTD","VacanceFinanciereYTD","À vérifier","À vérifier avant usage. Cette mesure n'a pas été retrouvée dans les rapports analysés et doit être confirmée avec le métier. Elle est conservée temporairement pour éviter de supprimer un calcul potentiellement utile.","True","1371"
"VacanceFinancièreYTD_LastPériode","VacanceFinancièreYTD_LastPériode","À vérifier","À vérifier avant usage. Cette mesure n'a pas été retrouvée dans les rapports analysés et doit être confirmée avec le métier. Elle est conservée temporairement pour éviter de supprimer un calcul potentiellement utile.","True","3"
"variation dette","variation dette","À vérifier","À vérifier avant usage. Cette mesure n'a pas été retrouvée dans les rapports analysés et doit être confirmée avec le métier. Elle est conservée temporairement pour éviter de supprimer un calcul potentiellement utile.","True","77"
"Ventes","Ventes","À vérifier","À vérifier avant usage. Cette mesure n'a pas été retrouvée dans les rapports analysés et doit être confirmée avec le métier. Elle est conservée temporairement pour éviter de supprimer un calcul potentiellement utile.","True","1117"
"Ventes 2024","Ventes 2024","À vérifier","À vérifier avant usage. Cette mesure n'a pas été retrouvée dans les rapports analysés et doit être confirmée avec le métier. Elle est conservée temporairement pour éviter de supprimer un calcul potentiellement utile.","True","1718"
